epoch,time,train/box_loss,train/cls_loss,train/dfl_loss,metrics/precision(B),metrics/recall(B),metrics/mAP50(B),metrics/mAP50-95(B),val/box_loss,val/cls_loss,val/dfl_loss,lr/pg0,lr/pg1,lr/pg2
1,52.8931,3.33021,86.4083,1.18899,0.10494,0.2183,0.05261,0.0159,3.43029,4.68003,1.04766,0.000658824,0.000658824,0.000658824
2,91.3008,2.6874,3.01939,0.97759,0.42329,0.33958,0.28005,0.0773,2.71953,3.30993,0.94376,0.00131674,0.00131674,0.00131674
3,129.552,2.63091,2.78279,0.95585,0.30329,0.03969,0.0389,0.01354,nan,nan,nan,0.00196586,0.00196586,0.00196586
4,167.817,2.55102,2.64415,0.95285,0.56572,0.42889,0.40626,0.12709,2.56023,2.79575,0.96537,0.0019604,0.0019604,0.0019604
5,205.853,2.53322,2.63175,0.94206,0.41902,0.3473,0.29496,0.07983,2.807,2.80691,0.93239,0.0019472,0.0019472,0.0019472
6,244.116,2.4468,2.45859,0.93659,0.55063,0.48181,0.477,0.16048,2.41392,2.26046,0.94387,0.001934,0.001934,0.001934
